<?xml version='1.0' encoding='UTF-8' ?>
<timeLogEntries>
  <time id="3" path="/Non Project/PSP for Engineers/Program 1/Planning" start="@1456105155753" delta="8" />
  <time id="4" path="/Non Project/PSP for Engineers/Program 1/Design" start="@1456105647823" delta="10" />
  <time id="5" path="/Non Project/PSP for Engineers/Program 1/Code" start="@1456106219107" delta="14" />
  <time id="6" path="/Non Project/PSP for Engineers/Program 1/Code" start="@1456107401722" delta="2" interrupt="2" />
  <time id="7" path="/Non Project/PSP for Engineers/Program 1/Test" start="@1456107704107" delta="8" interrupt="5" />
  <time id="8" path="/Non Project/PSP for Engineers/Program 1/Code" start="@1456147703951" delta="27" interrupt="4" />
  <time id="9" path="/Non Project/PSP for Engineers/Program 1/Code" start="@1456190800681" delta="6" />
  <time id="10" path="/Non Project/PSP for Engineers/Program 1/Compile" start="@1456191139790" delta="3" />
  <time id="11" path="/Non Project/PSP for Engineers/Program 1/Code" start="@1456191313947" delta="9" />
  <time id="12" path="/Non Project/PSP for Engineers/Program 1/Test" start="@1456191827649" delta="10" interrupt="2" />
  <time id="13" path="/Non Project/PSP for Engineers/Program 1/Code" start="@1456194521367" delta="11" />
  <time id="14" path="/Non Project/PSP for Engineers/Program 1/Test" start="@1456195166358" delta="8" />
  <time id="15" path="/Non Project/PSP for Engineers/Program 1/Test" start="@1456196508002" delta="11" />
  <time id="16" path="/Non Project/PSP for Engineers/Program 1/Test" start="@1456235165887" delta="8" />
  <time id="17" path="/Non Project/PSP for Engineers/Program 1/Code" start="@1456238883983" delta="14" />
  <time id="18" path="/Non Project/PSP for Engineers/Program 2/Planning" start="@1457038855276" delta="8" />
  <time id="19" path="/Non Project/PSP for Engineers/Program 2/Planning" start="@1457227102996" delta="4" />
  <time id="20" path="/Non Project/PSP for Engineers/Program 2/Planning" start="@1457227408258" delta="4" />
  <time id="21" path="/Non Project/PSP for Engineers/Program 2/Design" start="@1457228140610" delta="10" />
  <time id="22" path="/Non Project/PSP for Engineers/Program 2/Code" start="@1457232469126" delta="10" />
  <time id="23" path="/Non Project/PSP for Engineers/Program 2/Test" start="@1457233076606" delta="21" />
  <time id="24" path="/Non Project/PSP for Engineers/Program 2/Code" start="@1457401640308" delta="22" />
  <time id="25" path="/Non Project/PSP for Engineers/Program 2/Code" start="@1457405568467" delta="11" />
  <time id="26" path="/Non Project/PSP for Engineers/Program 2/Compile" start="@1457406251532" delta="12" />
  <time id="27" path="/Non Project/PSP for Engineers/Program 2/Test" start="@1457408834867" delta="9" />
  <time id="28" path="/Non Project/PSP for Engineers/Program 2/Code" start="@1457444696611" delta="20" />
  <time id="29" path="/Non Project/PSP for Engineers/Program 2/Test" start="@1457449283472" delta="4" />
  <time id="30" path="/Non Project/PSP for Engineers/Program 2/Code" start="@1457451276406" delta="20" />
  <time id="31" path="/Non Project/PSP for Engineers/Program 2/Code" start="@1457452853567" delta="2" />
  <time id="32" path="/Non Project/PSP for Engineers/Program 2/Code" start="@1457454437061" delta="16" />
</timeLogEntries>
